{"ML":1.759944372162E+12,"NV":1.759946125107E+12,"RR":1.760103789691E+12}